action bronson,rapper,TRUE
afc wimbledon,champions,TRUE
afc wimbledon,club,TRUE
afc wimbledon,star,FALSE
afghanistan,city,FALSE
afghanistan,country,TRUE
afghanistan,democracy,TRUE
afghanistan,government,TRUE
al qaeda,firm,FALSE
alex brummer,author,TRUE
alex brummer,british,TRUE
alex brummer,broadway actress,FALSE
alex brummer,journalist,TRUE
alex brummer,vice-president,TRUE
alice walker,firm,FALSE
alice walker,phone,FALSE
alice walker,woman,TRUE
amazon,director,FALSE
amazon,phone,FALSE
amazon,product,FALSE
america,catholic,FALSE
america,country,TRUE
america,nation,TRUE
america,product,FALSE
amy poehler,government,FALSE
amy poehler,organisation,FALSE
amy winehouse,british,TRUE
amy winehouse,organisation,FALSE
amy winehouse,series,FALSE
andrew lloyd webber,artist,TRUE
andrew lloyd webber,composer,TRUE
android,operating system,TRUE
android,performer,FALSE
android,product,TRUE
android,singer,FALSE
andy burton,broadcaster,TRUE
andy burton,company,FALSE
andy burton,pitchside reporter,TRUE
andy burton,place,FALSE
andy burton,presenter,TRUE
andy burton,reporter,TRUE
andy burton,singer,FALSE
andy gray,football presenter,TRUE
andy gray,footballer,TRUE
andy gray,international,FALSE
andy gray,place,FALSE
andy gray,presenter,TRUE
andy gray,striker,FALSE
andy murray,british,TRUE
andy murray,champion,TRUE
andy murray,olympic,TRUE
andy murray,place,FALSE
andy murray,referee,FALSE
andy murray,wimbledon singles champion,TRUE
anfield,club,FALSE
anfield,country,FALSE
anfield,football stadium,TRUE
anfield,referee,FALSE
anfield,stadium,TRUE
angel olsen,artist,TRUE
angel olsen,country,FALSE
angel olsen,manager,FALSE
angela lansbury,actress,TRUE
angela lansbury,broadway actress,TRUE
angela lansbury,city,FALSE
angela lansbury,series,FALSE
anne hathaway,celebrity,TRUE
anne hathaway,person,TRUE
anne hathaway,series,FALSE
anne tyler,place,FALSE
apple,america,FALSE
apple,company,TRUE
apple,corporation,TRUE
apple,firm,TRUE
apple,smartphone producer,TRUE
apple,technology company,TRUE
apple watch,device,TRUE
apple watch,digital,TRUE
apple watch,phone,FALSE
apple watch,product,TRUE
apple watch,service,FALSE
apple watch,smart,TRUE
apple watch,smartwatch,TRUE
aquaman,celebrity,FALSE
aquaman,comics,TRUE
aquaman,company,FALSE
aquaman,icon,TRUE
aquaman,superhero,TRUE
arcade fire,company,FALSE
arcade fire,group,TRUE
arcade fire,place,FALSE
arcade fire,woman,FALSE
ari takanen,album,FALSE
ari takanen,woman,FALSE
arlo guthrie,salesman,FALSE
arlo guthrie,singer,TRUE
arlo guthrie,woman,FALSE
arsenal,champions,TRUE
arsenal,club,TRUE
arsenal,company,FALSE
arsenal,salesman,FALSE
arsenal,vulnerability,FALSE
arsene wenger,arsenal boss,TRUE
arsene wenger,english,TRUE
arsene wenger,manager,TRUE
arsene wenger,star,FALSE
arsene wenger,vulnerability,FALSE
arthaus,club,FALSE
arthur ashe stadium,lady,FALSE
arthur ashe stadium,star,FALSE
arthur smith,game,FALSE
artpop,game,FALSE
artpop,manager,FALSE
artpop,music,TRUE
aston villa,film,FALSE
aston villa,football club,TRUE
atlantis,fictional,TRUE
atlantis,manager,FALSE
atticus finch,film,FALSE
atticus finch,hero,FALSE
atticus finch,lawyer,TRUE
atticus finch,white,TRUE
audrey niffenegger,director,FALSE
audrey niffenegger,hero,FALSE
audrey niffenegger,woman,TRUE
australia,area,TRUE
australia,book,FALSE
australia,continent,TRUE
australia,country,TRUE
australia,tale,FALSE
author,tale,FALSE
avast,anti-virus software,TRUE
avast,club,FALSE
avast,company,TRUE
avast,firm,TRUE
avast,player,FALSE
avengers assemble,player,FALSE
avengers assemble,state,FALSE
avengers assemble,tv series,TRUE
azealia banks,rapper,TRUE
azealia banks,star,TRUE
azealia banks,superhero,FALSE
baltimore,continent,FALSE
baltimore,country,FALSE
barack obama,american,TRUE
barack obama,country,FALSE
barack obama,democrat,TRUE
barack obama,fiction,FALSE
barack obama,government,TRUE
barack obama,person,TRUE
barack obama,president,TRUE
barack obama,senate member,TRUE
barcelona,city,TRUE
barcelona,club,TRUE
barcelona,country,FALSE
batman,comic book,TRUE
batman,comics,TRUE
batman,film,TRUE
batman,game,FALSE
batman,hero,TRUE
batman,icon,TRUE
batman,paper,FALSE
batman,superhero,TRUE
baz luhrman,country,FALSE
baz luhrman,director,TRUE
baz luhrman,film,FALSE
baz luhrman,paper,FALSE
bbc radio wm,character,FALSE
bbc radio wm,film,FALSE
bbc radio wm,radio station,TRUE
bbc radio wm,series,FALSE
bbc sport,channel,TRUE
bbc sport,company,FALSE
bbc sport,producer,FALSE
bbc sport,series,FALSE
bbc sport,sports channel,TRUE
beck tull,president,FALSE
beck tull,producer,FALSE
beck tull,series,FALSE
beetlejuice,character,TRUE
beetlejuice,film,TRUE
beetlejuice,movie,TRUE
beetlejuice,player,FALSE
beetlejuice,series,FALSE
beijing,director,FALSE
beijing,territory,TRUE
belo horizonte,city,TRUE
belo horizonte,minister,FALSE
belo horizonte,place,FALSE
benedict cumberbatch,country,FALSE
benedict cumberbatch,film producer,TRUE
benedict cumberbatch,person,TRUE
benedict cumberbatch,place,FALSE
benji madden,celebrity,TRUE
benji madden,dark,FALSE
benji madden,person,TRUE
beyonce,country,FALSE
beyonce,dark,FALSE
beyonce,female,TRUE
beyonce,female singer,TRUE
beyonce,female vocalist,TRUE
beyonce,musician,TRUE
beyonce,singer,TRUE
beyonce,star,TRUE
beyonce,vocalist,TRUE
big bang theory,american,TRUE
big bang theory,press,FALSE
big bang theory,program,TRUE
big bang theory,series,TRUE
big bang theory,show,TRUE
bilbo baggins,america,FALSE
bilbo baggins,character,TRUE
björk,artist,TRUE
björk,performer,TRUE
björk,woman,TRUE
boeing,aircraft,TRUE
boeing,album,FALSE
boeing,group,FALSE
booz allen hamilton,contractor,TRUE
booz allen hamilton,group,FALSE
booz allen hamilton,place,FALSE
boston,city,TRUE
boston,vice-president,FALSE
boston,white,FALSE
bradley manning,assistant,FALSE
bradley manning,employee,FALSE
bradley manning,whistleblower,TRUE
brazil,country,TRUE
brazil,employee,FALSE
brazil,president,FALSE
brendan rodgers,government,FALSE
brendan rodgers,liverpool manager,TRUE
brendan rodgers,manager,TRUE
brendan rodgers,president,FALSE
brendan rodgers,star,TRUE
britain,club,FALSE
britain,president,FALSE
broadway,federation,FALSE
broadway,government,FALSE
broadway,service,FALSE
brooklyn,actor,FALSE
brooklyn,franchise,TRUE
brooklyn,production,FALSE
brooklyn,service,FALSE
brooklyn,star,FALSE
brown university,academic institution,TRUE
brown university,institute,TRUE
bruce schneier,expert,TRUE
bruce schneier,international,FALSE
bruce schneier,little,FALSE
bruce wayne,american,TRUE
bruce wayne,batman,TRUE
bruce wayne,businessman,TRUE
bruce wayne,company,FALSE
bruce wayne,playboy,TRUE
bruce wayne,playboy businessman,TRUE
bruce wayne,series,TRUE
bruce wayne,service,FALSE
bruce wayne,tv series,TRUE
bryan singer,film director,TRUE
bryan singer,screen writer,TRUE
bryan singer,service,FALSE
bryan singer,woman,FALSE
bskyb,company,TRUE
bskyb,singer,FALSE
bskyb,subsidiary,TRUE
camden,residential district,TRUE
camden,software,FALSE
carla dauden,campaign,FALSE
carla dauden,director,FALSE
carla dauden,woman,TRUE
carole king,country,FALSE
carole king,director,FALSE
carole king,singer,TRUE
carolina milanesi,star,FALSE
casey kasem,icon,FALSE
casey kasem,radio personality,TRUE
cats,musical,TRUE
celtic,club,TRUE
celtic,company,FALSE
character,striker,FALSE
charlie ryall,apartheid,FALSE
charlie ryall,character,FALSE
cheers,character,FALSE
cheers,club,FALSE
cheers,country,FALSE
cheers,series,TRUE
cheers,show,TRUE
chelsea,club,TRUE
chelsea,country,FALSE
chelsea,drama,FALSE
chelsea,football club,TRUE
chelsea,performer,FALSE
chicago,manager,FALSE
chicago,performer,FALSE
china,area,TRUE
china,president,FALSE
chris evert,american,TRUE
chris evert,commander,FALSE
cincinnati,court,FALSE
cincinnati,record,FALSE
city,record,FALSE
clara oswald,character,TRUE
clara oswald,game,FALSE
clara oswald,stadium,FALSE
cleverbot,artificial,TRUE
cleverbot,artificial intelligence,TRUE
cleverbot,series,FALSE
cleverbot,software,TRUE
cleverbot,stadium,FALSE
cleverbot,technology,TRUE
cnet,company,TRUE
cnet,human,FALSE
cnet,organisation,TRUE
cnet,prof,FALSE
coachella,festival,TRUE
coachella,prof,FALSE
coachella,service,FALSE
codenomicon,company,TRUE
codenomicon,music,FALSE
codenomicon,organisation,TRUE
codenomicon,woman,FALSE
collins bartholomew,film,FALSE
collins bartholomew,publisher,TRUE
collins bartholomew,series,FALSE
collins bartholomew,subsidiary,TRUE
collins bartholomew,woman,FALSE
colorado,icon,FALSE
colorado,series,FALSE
colorado,service,FALSE
colorado,state,TRUE
colorado,swing state,TRUE
continent,google,FALSE
costa rica,country,TRUE
costa rica,president,FALSE
daily express,australia,FALSE
daily express,club,FALSE
daily express,paper,TRUE
daily mail,manager,FALSE
daily mail,paper,TRUE
daily mail,star,FALSE
daily mirror,city,FALSE
daily mirror,game,FALSE
daily mirror,paper,TRUE
daily mirror,star,FALSE
daily star,boss,FALSE
daily star,club,FALSE
daily star,game,FALSE
daily star,paper,TRUE
dan fellman,city,FALSE
dan fellman,club,FALSE
daniel ellsberg,book,FALSE
daniel ellsberg,country,FALSE
daniel ellsberg,whistleblower,TRUE
daniel heath,country,FALSE
daniel heath,federation,FALSE
daniel heath,government,FALSE
daniel heath,songwriter,TRUE
daniel radcliffe,actor,TRUE
daniel radcliffe,film,FALSE
daniel radcliffe,government,FALSE
daphne du maurier,series,FALSE
daphne du maurier,woman,TRUE
david bowie,book,FALSE
david bowie,country,FALSE
david bowie,musician,TRUE
david bowie,singer,TRUE
david bowie,star,TRUE
david furnish,album,FALSE
david furnish,country,FALSE
david furnish,track,FALSE
david ryall,actor,TRUE
david ryall,dead,TRUE
david ryall,story,FALSE
david ryall,tale,FALSE
david ryall,track,FALSE
david tennant,actor,TRUE
david tennant,company,FALSE
david tennant,tale,FALSE
declan lang,bishop,TRUE
declan lang,catholic,TRUE
declan lang,european,TRUE
declan lang,series,FALSE
dell,contractor,TRUE
dell,country,FALSE
dell,eastern,FALSE
doctor who,character,TRUE
doctor who,drama,TRUE
doctor who,peter capaldi,TRUE
doctor who,series,TRUE
doctor who,show,TRUE
dodie smith,film,FALSE
dodie smith,woman,TRUE
don pardo,icon,TRUE
don pardo,whistleblower,FALSE
donald sutherland,book,FALSE
donald sutherland,country,FALSE
dong nguyen,country,FALSE
dong nguyen,film,FALSE
dragonball,anime,TRUE
dragonball,manga,TRUE
dragonball,performer,FALSE
dragonball,show,FALSE
drake,artist,TRUE
drake,game,FALSE
drake,male,TRUE
drake,performer,TRUE
drake,show,FALSE
dubai,track,FALSE
dustin diamond,actor,TRUE
dustin diamond,screech,TRUE
dustin diamond,show,FALSE
dustin diamond,woman,FALSE
ebay,agent,FALSE
ebay,company,TRUE
ebay,corporation,TRUE
ebay,e-commerce platform,TRUE
ebay,firm,TRUE
ebay,marketplace,TRUE
ebay,online marketplace,TRUE
ebay,platform,TRUE
ebay,press,FALSE
ebay,us firm,TRUE
ebola,disease,TRUE
ebola,illness,TRUE
ebola,infection,TRUE
ebola,media,FALSE
ebola,press,FALSE
ebola,service,FALSE
ebola,virus,TRUE
ebola vaccine,dead,FALSE
ebola vaccine,immune,TRUE
ebola vaccine,researcher,FALSE
ebola vaccine,service,FALSE
edward snowden,assistant,TRUE
edward snowden,country,FALSE
edward snowden,employee,TRUE
edward snowden,researcher,FALSE
edward snowden,source,TRUE
edward snowden,whistleblower,TRUE
elaine stritch,actress,TRUE
elaine stritch,broadway actress,TRUE
elaine stritch,contractor,FALSE
elaine stritch,dead,TRUE
elaine stritch,theater actress,TRUE
elizabeth city,city,TRUE
elizabeth city,overdose,FALSE
elizabeth city,type,FALSE
elon musk,entrepreneur,TRUE
elon musk,human,TRUE
elon musk,type,FALSE
elon musk,virus,FALSE
elphias doge,character,TRUE
elphias doge,government,FALSE
elphias doge,headquarters,FALSE
elton john,civilian,TRUE
elton john,headquarters,FALSE
elton john,prof,FALSE
elton john,technology,FALSE
emma watson,actress,TRUE
emma watson,company,FALSE
emma watson,technology,FALSE
england,film,FALSE
england,series,FALSE
entertainment weekly,minister,FALSE
entertainment weekly,movie,FALSE
entertainment weekly,series,FALSE
eset,movie,FALSE
eset,security company,TRUE
eset,star,FALSE
espn,hero,FALSE
espn,producer,FALSE
espn,sports channel,TRUE
europe,icon,FALSE
europe,player,FALSE
europe,producer,FALSE
everton,club,TRUE
everton,football club,TRUE
everton,player,FALSE
everton,round,FALSE
fearne cotton,champions,FALSE
fearne cotton,dj,TRUE
fifa,country,FALSE
fifa,federation,TRUE
fifa,girl,FALSE
fifa,justice league,FALSE
fifa,producer,FALSE
fifa,singer,FALSE
filipe luis,chelsea player,TRUE
filipe luis,government,FALSE
filipe luis,player,TRUE
filipe luis,singer,FALSE
filipe luis,stadium,FALSE
film,stadium,FALSE
fiorentina,city,FALSE
fiorentina,club,TRUE
flappy bird,game,TRUE
flappy birds,channel,FALSE
flappy birds,star,FALSE
flickr,company,TRUE
flickr,game,FALSE
flickr,service,TRUE
flickr,site,TRUE
foo fighters,band,TRUE
foo fighters,director,FALSE
foo fighters,group,TRUE
football stadium,director,FALSE
forbes,album,FALSE
fort meade,headquarters,TRUE
fort meade,president,FALSE
france,series,FALSE
fruit bat,bat,TRUE
fruit bat,city,FALSE
fruit bat,host,TRUE
fruit bats,player,FALSE
fuad sharuji,host,FALSE
fuad sharuji,virus,FALSE
galatasaray,club,TRUE
galatasaray,film,FALSE
galatasaray,twitter,FALSE
galaxy,city,FALSE
galaxy,phone,TRUE
galaxy,star,FALSE
gaza,area,TRUE
geneva,country,FALSE
geneva,eastern,FALSE
geneva,star,FALSE
geoffrey beattie,eastern,FALSE
geoffrey beattie,professor,TRUE
geoffrey beattie,service,FALSE
george eliot,company,FALSE
george eliot,film,FALSE
george eliot,woman,TRUE
ginny potter,film,FALSE
ginny potter,government,FALSE
ginny potter,wizard,TRUE
glenn hoddle,book,FALSE
glenn hoddle,french,FALSE
glenn hoddle,manager,TRUE
glenn hoddle,midfielder,TRUE
gollum,club,FALSE
gollum,hobbit,TRUE
google,company,TRUE
google,corporation,TRUE
google,firm,TRUE
google,movie,FALSE
google,search engine,TRUE
google,series,FALSE
google,service,TRUE
government,series,FALSE
gracepoint,american,TRUE
gracepoint,drama,TRUE
gracepoint,series,TRUE
gracepoint,technology,FALSE
graham greene,author,TRUE
graham greene,english,TRUE
graham greene,novelist,TRUE
graham greene,story,FALSE
green lantern,comics,TRUE
green lantern,country,FALSE
green lantern,film,TRUE
green lantern,hero,TRUE
guardians of the galaxy,company,FALSE
gucci,ant-man,FALSE
gucci,hero,FALSE
gucci,icon,TRUE
h.r. giger,designer,TRUE
h.r. giger,hero,FALSE
h.r. giger,lady,FALSE
h.r. giger,performer,FALSE
harold mahony,british,TRUE
harold mahony,place,FALSE
harold mahony,scotish,TRUE
harold mahony,wimbledon singles champion,TRUE
harold ramis,comedian,TRUE
harold ramis,film,FALSE
harold ramis,performer,TRUE
harry potter,book,TRUE
harry potter,book series,TRUE
harry potter,character,TRUE
harry potter,film,TRUE
harry potter,film series,TRUE
harry potter,game,FALSE
harry potter,icon,FALSE
harry potter,movie,TRUE
harry potter,movie series,TRUE
harry potter,series,TRUE
harry potter,wizard,TRUE
haruki murakami,author,TRUE
haruki murakami,japanese,TRUE
haruki murakami,novelist,TRUE
harvey weinstein,icon,FALSE
harvey weinstein,producer,TRUE
harvey weinstein,series,FALSE
hatem ben arfa,distributor,FALSE
hatem ben arfa,midfielder,TRUE
hatem ben arfa,player,TRUE
hawaii,film,FALSE
hawaii,song,FALSE
hawaii,territory,TRUE
hawaii,us territory,TRUE
heartbleed,club,FALSE
heartbleed,vulnerability,TRUE
hishammuddin hussein,associate director,FALSE
hishammuddin hussein,group,FALSE
hishammuddin hussein,minister,TRUE
hogwarts,group,FALSE
hogwarts,place,TRUE
hogwarts,series,FALSE
honeymoon,album,TRUE
honeymoon,film,TRUE
honeymoon,media,FALSE
honeymoon,production,TRUE
hong kong,city,TRUE
hong kong,story,FALSE
hong kong,track,FALSE
house of cards,drama,TRUE
house of cards,political,TRUE
house of cards,series,TRUE
house of cards,show,TRUE
house of cards,track,FALSE
howard gordon,film,FALSE
howard gordon,video-streaming site,FALSE
huis clos,series,FALSE
huis clos,video-streaming site,FALSE
humphrey bogart,bogie,TRUE
humphrey bogart,government,FALSE
humphrey bogart,series,FALSE
huntington,author,FALSE
huntington,existentialist,FALSE
huntington,series,FALSE
ian ayre,association football manager,TRUE
ian ayre,chief exceutive officer,TRUE
ian ayre,director,TRUE
ian ayre,existentialist,FALSE
ian ayre,manager,TRUE
ian ayre,show,FALSE
iceland,film,FALSE
iceland,movie,FALSE
indonesia,area,TRUE
indonesia,movie,FALSE
indonesia,star,FALSE
instagram,commander,FALSE
intel,city,FALSE
intel,company,TRUE
intel,midfielder,FALSE
inter milan,artificial,FALSE
inter milan,club,TRUE
inter milan,human,FALSE
inter milan,midfielder,FALSE
iraq,city,FALSE
iraq,country,TRUE
iraq,human,FALSE
iraq,region,TRUE
iron man,book,TRUE
iron man,film,TRUE
iron man,government,FALSE
iron man,institute,FALSE
israel,area,TRUE
israel,champion,FALSE
israel,country,TRUE
israel,institute,FALSE
israel,jewish,TRUE
israel,mediterranean,TRUE
israel,nation,TRUE
issa hayatou,british,FALSE
issa hayatou,president,TRUE
issa hayatou,subsidiary,FALSE
itunes,media service,TRUE
itunes,music service,TRUE
itunes,service,TRUE
itunes,shop,TRUE
itunes,subsidiary,FALSE
itunes,woman,FALSE
ivan reitman,director,TRUE
ivan reitman,international,FALSE
ivan reitman,vice-president,FALSE
j.r.r. tolkien,english,TRUE
j.r.r. tolkien,writer,TRUE
jack bauer,agent,TRUE
jack bauer,role,TRUE
jack bauer,singer,FALSE
jack bauer,vice-president,FALSE
jack white,drama,FALSE
jack white,series,FALSE
jackie robinson,american,TRUE
jackie robinson,athlete,TRUE
jackie robinson,baseball player,TRUE
jackie robinson,icon,TRUE
jackie robinson,player,TRUE
jackie robinson,series,FALSE
jackie robinson,show,FALSE
jackie robinson,veteran,TRUE
james garner,actor,TRUE
james garner,franchise,FALSE
james poniewozik,film,FALSE
jamie redknapp,broadcaster,TRUE
jamie redknapp,commentator,TRUE
jamie redknapp,footballer,TRUE
jamie redknapp,music,FALSE
jamie redknapp,show,FALSE
jane austen,show,FALSE
jane austen,striker,FALSE
jane austen,woman,TRUE
jane eyre,book,TRUE
jane eyre,classic,TRUE
jane eyre,country,FALSE
jane eyre,fiction,TRUE
jane eyre,story,TRUE
jane eyre,tale,TRUE
jane eyre,woman,TRUE
january,month,TRUE
japan,country,TRUE
japan,singer,FALSE
japan,wonderful,FALSE
japan,writer,FALSE
jason collins,american,TRUE
jason collins,athlete,TRUE
jason collins,center,TRUE
jason collins,contractor,FALSE
jason collins,icon,TRUE
jason collins,n.b.a. player,TRUE
jason collins,nba player,TRUE
jason collins,nets player,TRUE
jason collins,player,TRUE
jason collins,veteran,TRUE
jason collins,writer,FALSE
jason jenkins,director,TRUE
jason jenkins,european,FALSE
jason jenkins,person,TRUE
javier hernandez,press,FALSE
javier hernandez,service,FALSE
javier hernandez,star,TRUE
jean-paul sartre,author,TRUE
jean-paul sartre,city,FALSE
jean-paul sartre,existentialist,TRUE
jean-paul sartre,french,TRUE
jean-paul sartre,paper,FALSE
jean-paul sartre,service,FALSE
jean-paul sartre,winner,TRUE
jean-paul sartre,writer,TRUE
jenna coleman,actress,TRUE
jenna coleman,paper,FALSE
jenna coleman,swedish,FALSE
jennifer lawrence,character,FALSE
jennifer lawrence,series,FALSE
jessie j,film,FALSE
jessie j,series,FALSE
jessie j,singer,TRUE
jk rowling,woman,TRUE
joan rivers,comedian,TRUE
joan rivers,franchise,FALSE
joan rivers,icon,TRUE
joan rivers,lady,TRUE
joan rivers,performer,TRUE
joan rivers,society,FALSE
joanna trollope,author,TRUE
joanna trollope,country,FALSE
joanna trollope,female,TRUE
joanna trollope,female author,TRUE
joanna trollope,society,FALSE
joanna trollope,white,TRUE
joanna trollope,white woman,TRUE
joanna trollope,woman,TRUE
joao havelange,president,TRUE
joao havelange,president of fifa,TRUE
joao havelange,show,FALSE
joey,show,TRUE
johann cruyff,director,FALSE
johann cruyff,drama,FALSE
johann cruyff,manager,TRUE
johann cruyff,star,TRUE
johann cruyff,story,FALSE
john delaney,city,FALSE
john delaney,person,TRUE
john delaney,story,FALSE
john hurt,actor,TRUE
john hurt,service,FALSE
john legend,device,FALSE
john legend,film,FALSE
john legend,golden globe nominee,TRUE
john legend,singer,TRUE
john legend,songwriter,TRUE
justice league,american,TRUE
justice league,company,FALSE
justice league,fictional,TRUE
justice league,fictional film,TRUE
justice league,film,FALSE
justice league,film,TRUE
justice league,series,TRUE
justin bieber,golden,FALSE
justin bieber,story,FALSE
kabul,afghanistan government,TRUE
kabul,character,FALSE
kabul,government,TRUE
kabul,group,FALSE
kabul,story,FALSE
kantar worldpanel comtech,company,TRUE
kantar worldpanel comtech,group,FALSE
kantar worldpanel comtech,president,FALSE
kanye west,expert,FALSE
kanye west,faustian,FALSE
kanye west,mail,FALSE
kanye west,singer,TRUE
kerry blackstock,faustian,FALSE
kerry blackstock,show,FALSE
kevin nealon,social media,FALSE
kevin spacey,actor,TRUE
kevin spacey,campaign,FALSE
kickstarter,campaign,TRUE
kickstarter,character,FALSE
kiefer sutherland,film,FALSE
kiefer sutherland,jack bauer,TRUE
kiefer sutherland,show,FALSE
kim jong-un,authority,TRUE
kim jong-un,film,FALSE
kim jong-un,korean,TRUE
kim jong-un,korean leader,TRUE
kim jong-un,leader,TRUE
kim jong-un,north korean leader,TRUE
kim jong-un,series,FALSE
kim jong-un,show,FALSE
kirsty williams,economy,FALSE
kirsty williams,liberal,TRUE
kirsty williams,series,FALSE
kirsty williams,welsh,TRUE
kirsty williams,welsh liberal democrats leader,TRUE
korea,leader,FALSE
korea,zone,TRUE
krypton,fictional,TRUE
krypton,planet,TRUE
kuala lumpur,batman,FALSE
kuala lumpur,book,FALSE
kuala lumpur,place,TRUE
kylie minogue,book,FALSE
kylie minogue,minister,FALSE
kylie minogue,performer,TRUE
kylie minogue,talent,TRUE
kylie minogue,vice-president,FALSE
l.a.,series,FALSE
l.a.,vice-president,FALSE
lady gaga,character,TRUE
lady gaga,film,FALSE
lady gaga,human,TRUE
lamborghini,singer,FALSE
lana del rey,actor,FALSE
lana del rey,artist,TRUE
lana del rey,location,FALSE
lana del rey,music,FALSE
lana del rey,performer,TRUE
lana del rey,singer,TRUE
lana del rey,songwriter,TRUE
lana del rey,woman,TRUE
lana del rey,young,TRUE
lauren bacall,betty,TRUE
lauren bacall,film,FALSE
lauren bacall,girl,TRUE
lauren bacall,location,FALSE
lazio,festival,FALSE
leeds united,club,TRUE
leeds united,football club,TRUE
leeds united,leeds football club,TRUE
leicester city,arsenal boss,FALSE
leicester city,boss,FALSE
leicester city,club,TRUE
lev grossman,boss,FALSE
lev grossman,film,FALSE
lev grossman,person,TRUE
lev grossman,writer,TRUE
lionel messi,city,FALSE
lionel messi,manager,FALSE
lionel messi,midfielder,TRUE
lionel messi,star,TRUE
lionel shriver,city,FALSE
lionel shriver,manager,FALSE
lionel shriver,paper,FALSE
lionel shriver,woman,TRUE
lionsgate,company,TRUE
lionsgate,country,FALSE
lionsgate,paper,FALSE
liverpool,book,FALSE
liverpool,city,TRUE
liverpool,club,TRUE
liverpool,film,FALSE
liverpool,football club,TRUE
liverpool,place,TRUE
london,european,TRUE
london,film,FALSE
london,star,FALSE
lorde,artist,TRUE
lorde,performer,TRUE
lorde,show,FALSE
lorde,star,FALSE
lorde,woman,TRUE
los angeles,festival,FALSE
los angeles,group,FALSE
louisa may alcott,co-director,FALSE
louisa may alcott,film,FALSE
louisa may alcott,group,FALSE
louisa may alcott,woman,TRUE
luis suarez,book,FALSE
luis suarez,film,FALSE
luis suarez,footballer,TRUE
luis suarez,liverpool striker,TRUE
luis suarez,singer,FALSE
luis suarez,striker,TRUE
lukas podolski,phone,FALSE
lukas podolski,player,TRUE
lukas podolski,singer,FALSE
luke evans,actor,TRUE
luke evans,bard the bowman,TRUE
luke evans,club,FALSE
luke evans,midfielder,FALSE
luke evans,singer,TRUE
luke evans,welsh,TRUE
mahmoud ahmadinejad,book,FALSE
mahmoud ahmadinejad,girl,FALSE
mahmoud ahmadinejad,midfielder,FALSE
mahmoud ahmadinejad,president,TRUE
malinda gayle mccready,film,FALSE
malinda gayle mccready,girl,FALSE
malinda gayle mccready,movie,FALSE
malinda gayle mccready,singer,TRUE
manchester city,club,TRUE
manchester city,country,FALSE
manchester united,boss,FALSE
manchester united,city,FALSE
manchester united,club,TRUE
manchester university,city,FALSE
manchester university,coach,FALSE
marco van basten,coach,FALSE
marco van basten,company,FALSE
margaret mitchell,city,FALSE
margaret mitchell,woman,TRUE
margaret o brien,actress,TRUE
margaret o brien,british,FALSE
margaret o brien,child actress,TRUE
margaret o brien,director,FALSE
margaret o brien,person,TRUE
marian seldes,actress,TRUE
marian seldes,ambassador,FALSE
marian seldes,broadway actress,TRUE
marian seldes,dead,TRUE
marian seldes,director,FALSE
marian seldes,person,TRUE
marilyn french,book,FALSE
marilyn french,country,FALSE
marilyn french,woman,TRUE
marshal foch,campaign,FALSE
marshal foch,commander,TRUE
marshal foch,country,FALSE
marshal foch,leader,TRUE
marshal foch,major general,TRUE
marshal foch,soldier,TRUE
martian manhunter,authority,FALSE
martian manhunter,comics,TRUE
martian manhunter,country,FALSE
martian manhunter,korean,FALSE
martian manhunter,superhero,TRUE
martin freeman,actor,TRUE
martin freeman,bilbo baggins,TRUE
martin freeman,english,TRUE
martin freeman,korean,FALSE
martin freeman,person,TRUE
martin freeman,place,FALSE
martin freeman,woman,FALSE
martina navratilova,american,TRUE
martina navratilova,country,FALSE
mary beard,author,TRUE
mary beard,female,TRUE
mary beard,female author,TRUE
mary beard,margaret,FALSE
mary beard,woman,TRUE
maryland,margaret,FALSE
maryland,scare,FALSE
masamune shirow,city,FALSE
masamune shirow,government,FALSE
mediterranean,government,FALSE
metamorpho,character,TRUE
metamorpho,director,FALSE
metamorpho,story,FALSE
metamorpho,superhero,TRUE
micah richards,film,FALSE
micah richards,star,TRUE
micah richards,story,FALSE
michael keaton,beetlejuice,TRUE
michael keaton,director,TRUE
michael keaton,manager,FALSE
michael keaton,month,FALSE
michael keaton,producer,TRUE
mickey rooney,character,FALSE
mickey rooney,month,FALSE
middle east,area,TRUE
middle east,country,FALSE
middle east,mediterranean,TRUE
mike flynn,character,FALSE
mike flynn,director,TRUE
mike flynn,film,FALSE
mike riley,film,FALSE
mike riley,manager,TRUE
mike riley,match official,TRUE
mike riley,media,FALSE
mike riley,official,TRUE
mike riley,pgmo general manager,TRUE
mike riley,referee,TRUE
mike riley,social media,FALSE
miley cyrus,eastern,FALSE
miley cyrus,publisher,FALSE
miley cyrus,social media,FALSE
milwaukee,game,FALSE
milwaukee,story,FALSE
mindy mccready,agent,FALSE
mindy mccready,girl,TRUE
mindy mccready,press,FALSE
mindy mccready,singer,TRUE
mindy mccready,story,FALSE
minnesota,country,FALSE
minnesota,northern,TRUE
minnesota,press,FALSE
minnesota,state,TRUE
molineux,president,FALSE
molineux,stadium,TRUE
molineux,white,FALSE
nadine gordimer,african,TRUE
nadine gordimer,company,FALSE
nadine gordimer,political activist,TRUE
nadine gordimer,referee,FALSE
natalie maines,singer,TRUE
natalie maines,teenager,FALSE
natalie portman,celebrity,TRUE
natalie portman,character,FALSE
natalie portman,person,TRUE
ncc group,company,TRUE
ncc group,cybersecurity company,TRUE
ncc group,death,FALSE
ncc group,tragedy,FALSE
ncis,american,TRUE
ncis,director,FALSE
ncis,program,TRUE
ncis,series,TRUE
ncis,show,TRUE
ne-yo,singer,TRUE
netflix,country,FALSE
netflix,video-streaming site,TRUE
newcastle,club,TRUE
newcastle,football club,TRUE
newcastle,series,FALSE
nick lachey,city,FALSE
nick lachey,midfielder,FALSE
nicki minaj,teenager,TRUE
nicole scherzinger,artist,TRUE
nicole scherzinger,child,FALSE
nicole scherzinger,midfielder,FALSE
nicole scherzinger,performer,TRUE
nicole scherzinger,singer,TRUE
nicole scherzinger,star,TRUE
north carolina,recording,FALSE
north korea,country,TRUE
north korea,economy,TRUE
north korea,government,TRUE
north korea,korean,TRUE
north korea,location,TRUE
north korea,production,FALSE
north korea,role,FALSE
north korea,society,TRUE
norway,authority,FALSE
norway,country,TRUE
norway,north korean leader,FALSE
norway,role,FALSE
novak djokovic,champion,TRUE
novak djokovic,manager,FALSE
novak djokovic,nation,FALSE
novak djokovic,north korean leader,FALSE
novak djokovic,olympic,TRUE
novak djokovic,serb,TRUE
novak djokovic,wimbledon singles champion,TRUE
ohio,nation,FALSE
ohio,northern,TRUE
ohio,show,FALSE
ohio,state,TRUE
ohio,swing state,TRUE
olivia de havilland,city,FALSE
olivia de havilland,headquarters,FALSE
ollie whitehouse,associate director,TRUE
ollie whitehouse,director,TRUE
ollie whitehouse,president,FALSE
osama bin laden,company,FALSE
outkast,service,FALSE
outkast,state,FALSE
ozaukee county,music,FALSE
ozaukee county,show,FALSE
pakistan,country,TRUE
pakistan,press,FALSE
pakistan,show,FALSE
panda bear,allies,FALSE
panda bear,american,TRUE
panda bear,artist,TRUE
panda bear,rescue,FALSE
paradise,album,TRUE
paradise,city,FALSE
paradise,country,FALSE
paul rudd,ant-man,TRUE
paul rudd,country,FALSE
paul rudd,song,FALSE
pete seeger,hero,FALSE
pete seeger,producer,FALSE
pete seeger,singer,TRUE
peter capaldi,actor,TRUE
peter capaldi,doctor who,TRUE
peter capaldi,elite,FALSE
peter capaldi,producer,FALSE
peter cartwright,actor,TRUE
peter cartwright,city,FALSE
peter cartwright,dead,TRUE
peter robinson,character,FALSE
peter robinson,drama,FALSE
peter robinson,editor,TRUE
pgmo,album,FALSE
pgmo,drama,FALSE
pgmo,planet,FALSE
pharrell williams,manager,FALSE
pharrell williams,musician,TRUE
pharrell williams,planet,FALSE
pharrell williams,producer,TRUE
pharrell williams,singer,TRUE
pharrell williams,songwriter,TRUE
pharrell williams,story,FALSE
phil pritchard,faw president,TRUE
phil pritchard,president,TRUE
phil pritchard,story,FALSE
phil pritchard,woman,FALSE
phillip seymour hoffman,actor,TRUE
phillip seymour hoffman,addict,TRUE
phillip seymour hoffman,artisan,TRUE
phillip seymour hoffman,dead,TRUE
phillip seymour hoffman,drug addict,TRUE
phillip seymour hoffman,film,FALSE
phillip seymour hoffman,middle-aged man,TRUE
phillip seymour hoffman,series,FALSE
piou piou,game,TRUE
poland,character,FALSE
poland,country,TRUE
port washington,player,FALSE
premiere,press,FALSE
prince ali,arab,TRUE
prince ali,disease,FALSE
prince ali,jordanian,TRUE
public security section 9,fifa president,FALSE
pussycat dolls,musical group,TRUE
pyongyang,capital,TRUE
pyongyang,city,TRUE
pyongyang,korean,TRUE
pyongyang,researcher,FALSE
queens,leader,FALSE
rachel dratch,character,FALSE
rachel dratch,comedian,TRUE
rachel dratch,lady,TRUE
rachel dratch,performer,TRUE
rayan souici,star,TRUE
recife,city,TRUE
recife,midfielder,FALSE
recife,month,FALSE
reese witherspoon,celebrity,TRUE
reese witherspoon,month,FALSE
reese witherspoon,person,TRUE
reese witherspoon,show,FALSE
reuters,country,FALSE
reuters,institute,TRUE
reuters,international,TRUE
richard armitage,actor,TRUE
richard armitage,english,TRUE
richard armitage,experts,FALSE
richard armitage,person,TRUE
rick dees,radio personality,TRUE
rick dees,voice artist,TRUE
rick knowels,character,FALSE
rick knowels,producer,TRUE
rick osterloh,motorola president,TRUE
rick osterloh,person,TRUE
rick osterloh,president,TRUE
rick osterloh,senior,TRUE
rihanna,director,FALSE
rihanna,singer,TRUE
rihanna,song,FALSE
rita skeeter,media,FALSE
rita skeeter,music,FALSE
rita skeeter,reporter,TRUE
rita skeeter,song,FALSE
rita skeeter,wizard,TRUE
robbie savage,music,FALSE
robbie savage,product,FALSE
robbie savage,team mate,TRUE
robin williams,actor,TRUE
robin williams,book,FALSE
robin williams,company,FALSE
robin williams,person,TRUE
rolling stone,company,FALSE
rolling stone,show,FALSE
rollo carpenter,creator,TRUE
rollo carpenter,human,TRUE
rollo carpenter,teenager,FALSE
rose macaulay,artificial intelligence,FALSE
rose macaulay,software,FALSE
rose macaulay,woman,TRUE
rupert grint,actor,TRUE
rupert grint,place,FALSE
rupert grint,singer,FALSE
rupert grint,software,FALSE
russia,ambassador,FALSE
russia,country,TRUE
russia,eastern,TRUE
ryan reynolds,actor,TRUE
ryan reynolds,film,FALSE
saddam hussein,iraqi,TRUE
saddam hussein,militant,TRUE
saddam hussein,star,FALSE
scarlett johansson,america,FALSE
scarlett johansson,star,TRUE
screech,performer,FALSE
screech,singer,FALSE
seoul,agent,FALSE
seoul,capital,TRUE
seoul,city,TRUE
seoul,korean,TRUE
seoul,population centre,TRUE
seoul,press,FALSE
sepp blatter,administor,TRUE
sepp blatter,anime,FALSE
sepp blatter,boss,TRUE
sepp blatter,character,FALSE
sepp blatter,fifa president,TRUE
sepp blatter,football administrator,TRUE
sepp blatter,leader,TRUE
sepp blatter,month,FALSE
sepp blatter,place,FALSE
sepp blatter,president,TRUE
sepp blatter,press,FALSE
serena williams,american,TRUE
serena williams,band,FALSE
serena williams,character,FALSE
serena williams,show,FALSE
seth rogen,co-director,TRUE
seth rogen,co-star,TRUE
seth rogen,co-writer,TRUE
seth rogen,record,FALSE
seth rogen,smallville,FALSE
sherlock,capital,FALSE
sherlock,lady,FALSE
sherlock,series,TRUE
sherlock,tv series,TRUE
shinchosha publishing,company,TRUE
shinchosha publishing,country,FALSE
shinchosha publishing,lady,FALSE
shinchosha publishing,publisher,TRUE
shirley temple,actress,TRUE
shirley temple,ambassador,TRUE
shirley temple,child actress,TRUE
shirley temple,person,TRUE
shirley temple,place,FALSE
sid caesar,actor,TRUE
sid caesar,emotions,FALSE
sid caesar,second,FALSE
siri,app,TRUE
siri,assistant,TRUE
siri,television,FALSE
sky news,channel,TRUE
sky news,news channel,TRUE
sky news,news network,TRUE
sky news,service,FALSE
sky news,television channel,TRUE
sky news,tv channel,TRUE
sky news,yahoo sports,FALSE
sky sports,sports network,TRUE
sky sports,striker,FALSE
smallville,director,FALSE
smallville,firm,FALSE
smallville,series,TRUE
smallville,show,TRUE
smallville,tv series,TRUE
snapchat,app,TRUE
snapchat,book,FALSE
snapchat,firm,FALSE
snapchat,messaging app,TRUE
snapchat,singer,FALSE
sony,film,FALSE
sony,film studio,TRUE
south africa,apartheid,TRUE
south america,character,FALSE
south america,company,FALSE
south america,service,FALSE
south korea,country,TRUE
southampton,city,TRUE
southampton,club,TRUE
southampton,device,FALSE
southampton,england,TRUE
southampton,service,FALSE
sports illustrated,country,FALSE
sports illustrated,eastern,FALSE
sports illustrated,franchise,TRUE
sports illustrated,sports magazine,TRUE
stan lee,american,TRUE
stan lee,comic book writer,TRUE
stan lee,paper,FALSE
stan lee,star,FALSE
star-lord,hero,TRUE
star-lord,icon,FALSE
star-lord,player,FALSE
star-lord,star,FALSE
stephen fry,actor,TRUE
stephen fry,woman,FALSE
stephen hawking,human,TRUE
stephen hawking,physicist,TRUE
stephen hawking,prof,TRUE
stephen hawking,professor,TRUE
stephen hawking,scientist,TRUE
stephen hawking,series,FALSE
steve jobs,apple co-founder,TRUE
steve jobs,artificial intelligence,FALSE
steve jobs,co-founder,TRUE
steve jobs,company,FALSE
steve jobs,dead,TRUE
steven murdoch,company,FALSE
steven murdoch,device,FALSE
steven murdoch,product,FALSE
steven murdoch,researcher,TRUE
stromae,artist,TRUE
stromae,product,FALSE
stromae,software,FALSE
sue barker,america,FALSE
sue barker,interviewer,TRUE
sue barker,person,TRUE
sunday night football,american,TRUE
sunday night football,broadcast,TRUE
sunday night football,group,FALSE
sunday night football,program,TRUE
sunday night football,series,FALSE
sunday night football,show,TRUE
sunset boulevard,producer,FALSE
sunset boulevard,role,FALSE
sunset boulevard,series,FALSE
superman,american,TRUE
superman,character,TRUE
superman,comics,TRUE
superman,country,FALSE
superman,dead,FALSE
superman,film,TRUE
superman,hero,TRUE
superman,icon,TRUE
superman,movie,TRUE
superman,superhero,TRUE
svenska dagbladet,dead,FALSE
svenska dagbladet,paper,TRUE
svenska dagbladet,press,TRUE
svenska dagbladet,swedish,TRUE
svenska dagbladet,woman,FALSE
swansea city,club,TRUE
swansea city,country,FALSE
sweden,city,FALSE
sweden,country,TRUE
sylvia plath,city,FALSE
sylvia plath,star,FALSE
sylvia plath,woman,TRUE
thomas tuchel,coach,TRUE
thomas tuchel,country,FALSE
thomas tuchel,former mainz manager,TRUE
thorin oakenshield,club,FALSE
thorin oakenshield,dwarf,TRUE
thorin oakenshield,midfielder,FALSE
thunderstruck,country,FALSE
thunderstruck,midfielder,FALSE
tim burton,director,TRUE
tim burton,eastern,FALSE
tim burton,film director,TRUE
tim burton,group,FALSE
tim burton,producer,TRUE
tim coulling,character,FALSE
tim coulling,month,FALSE
time warner inc.,president,FALSE
tolkien,film,FALSE
tolkien,movie,FALSE
toni morrison,movie,FALSE
toni morrison,series,FALSE
toni morrison,woman,TRUE
tony bennett,country,FALSE
tony bennett,series,FALSE
tony bennett,singer,TRUE
tony bennett,tale,FALSE
tottenham,club,TRUE
tottenham,tale,FALSE
tottenham,talent,FALSE
touch,champions,FALSE
touch,drama,TRUE
touch,game,FALSE
touch,series,TRUE
touch,show,TRUE
tumblr,company,TRUE
tumblr,film,FALSE
tumblr,hints,FALSE
tumblr,platform,TRUE
turkey,country,TRUE
turkey,hints,FALSE
turkey,service,FALSE
twitter,media,TRUE
twitter,president,FALSE
twitter,social media,TRUE
twitter,social network,TRUE
twitter,website,TRUE
u.s.,country,TRUE
uefa,body,TRUE
uefa,player,FALSE
uefa,story,FALSE
uganda,country,TRUE
uganda,international,FALSE
uganda,president,FALSE
uganda,young,FALSE
unicef,agency,TRUE
unicef,dead,FALSE
unicef,president,FALSE
united states,america,TRUE
vegas,american,TRUE
vegas,director,FALSE
vegas,program,TRUE
vegas,series,TRUE
vegas,show,TRUE
venezuela,country,TRUE
venezuela,president,FALSE
victoria azarenka,belarusian,TRUE
victoria azarenka,movie,FALSE
vietnam,area,TRUE
vietnam,country,TRUE
vietnam,location,TRUE
vietnam,number one,FALSE
vietnam,slams,FALSE
virginia wade,british,TRUE
virginia wade,government,FALSE
virginia wade,slams,FALSE
virginia wade,wimbledon singles champion,TRUE
wales,country,TRUE
wales,game,FALSE
warner bros,club,FALSE
warner bros,stadium,FALSE
warner bros.,american company,TRUE
warner bros.,american media company,TRUE
warner bros.,company,TRUE
warner bros.,distributor,TRUE
warner bros.,film studios,TRUE
warner bros.,media company,TRUE
warner bros.,studios,TRUE
washington,arab,FALSE
washington,capital,TRUE
washington,city,TRUE
washington,government,TRUE
washington,movie,FALSE
washington,stadium,FALSE
washington,territory,TRUE
washington,us territory,TRUE
welsh,arab,FALSE
wilfried bony,ivorian,TRUE
wilfried bony,screech,FALSE
wilfried bony,star,TRUE
william moulton marston,club,FALSE
william moulton marston,creator,TRUE
winona ryder,club,FALSE
winona ryder,film,FALSE
wisconsin,series,FALSE
wonder woman,comics,TRUE
wonder woman,film,TRUE
wonder woman,hero,TRUE
wonder woman,icon,TRUE
wonder woman,screech,FALSE
wonder woman,superhero,TRUE
woody harrelson,batman,FALSE
world cup,film,FALSE
world peace,song,TRUE
world peace,source,FALSE
world peace,track,TRUE
wuthering heights,book,TRUE
wuthering heights,country,FALSE
yahoo,company,TRUE
yahoo,country,FALSE
yahoo,portal,TRUE
yahoo,service,TRUE
yahoo,site,TRUE
yahoo finance,service,TRUE
yahoo finance,site,TRUE
yahoo food,service,TRUE
yahoo food,site,TRUE
yahoo mail,service,TRUE
yahoo mail,site,TRUE
yahoo sports,service,TRUE
yahoo sports,site,TRUE
yahoo tech,service,TRUE
yahoo tech,site,TRUE
youtube,director,FALSE
yoweri museveni,president,TRUE
yoweri museveni,president of uganda,TRUE
yoweri museveni,woman,FALSE
zack snyder,company,FALSE
zack snyder,director,TRUE
zygi kamasa,film,FALSE
